Oceanographic_Variable,n,Mean,SEM,SD,Min,Max
Bathymetric Depth (m),173735,-1945.269715371954,3.446989683909426,1436.7580627063533,-5428,0
Bathymetric Slope (°),172829,4.897777023356028,0.013816187374883564,5.743763150255544,0,77.2713394
Distance to Nearest Shoreline (m),3844,0.3154465030711216,0.003734058510094387,0.231511627625852,0.035700455119142,0.784874852667933
